Time,createOrder,basket,getCatalogue,getItem,getCart,login,getOrders,catalogue,home,tags,getCustomer,viewOrdersPage,cataloguePage,getRelated,addToCart,catalogueSize,getAddress,getCard,showDetails
0.0,0.0,0.0,0.004913,0.007139,0.005339,0.007891,0.011833,0.002447,0.002149,0.005815,0.006756,0.002064,0.00482,0.030742,0.0,0.006756,0.0,0.0,0.002829
5.0,0.0,0.0,0.005451,0.008127,0.006282,0.010061,0.01228,0.003582,0.002507,0.005248,0.006956,0.001814,0.005551,0.004447,0.010423,0.004735,0.0,0.0,0.002507
10.0,0.0,0.003796,0.005633,0.005266,0.005556,0.013502,0.011042,0.002423,0.002239,0.007598,0.007492,0.002186,0.005552,0.005938,0.001327,0.008144,0.0,0.0,0.001995
15.0,0.0,0.002477,0.005923,0.007447,0.005771,0.010113,0.01163,0.003315,0.002211,0.006756,0.006822,0.002704,0.005405,0.006864,0.0047,0.007002,0.006342,0.005565,0.002069
20.0,0.010559,0.002444,0.005524,0.007403,0.00505,0.010337,0.009204,0.002221,0.002326,0.005611,0.007171,0.00225,0.004303,0.007165,0.001754,0.007949,0.004652,0.007951,0.002198
25.0,0.012763,0.002231,0.005434,0.006519,0.004743,0.010567,0.012139,0.001448,0.002438,0.005478,0.00618,0.0022,0.005175,0.006367,0.002544,0.0051,0.006582,0.006778,0.002855
30.0,0.010504,0.001988,0.006127,0.007367,0.006449,0.011164,0.00901,0.002553,0.003475,0.004171,0.007056,0.003572,0.005017,0.007821,0.00568,0.008493,0.007339,0.006211,0.002555
35.0,0.00898,0.002738,0.005244,0.005335,0.006037,0.009984,0.012688,0.002472,0.002001,0.005573,0.005433,0.002582,0.005188,0.006676,0.013079,0.007084,0.003806,0.007952,0.002316
40.0,0.013078,0.003185,0.005059,0.007985,0.004519,0.009851,0.01259,0.00159,0.002323,0.005495,0.006522,0.002548,0.003932,0.005389,0.001319,0.005297,0.006708,0.006028,0.00194
45.0,0.010496,0.002373,0.005254,0.005382,0.005879,0.008998,0.008272,0.002899,0.00227,0.003079,0.00776,0.002023,0.006901,0.006824,0.001844,0.010926,0.005233,0.005265,0.002179
50.0,0.008194,0.002602,0.005253,0.005344,0.004676,0.009089,0.011694,0.003704,0.002471,0.004081,0.006267,0.002458,0.006175,0.006729,0.00177,0.00458,0.004609,0.003917,0.002102
55.0,0.010402,0.00284,0.004598,0.007451,0.006683,0.010498,0.008271,0.002297,0.002235,0.006048,0.006801,0.002778,0.005352,0.006518,0.009952,0.008433,0.004537,0.004676,0.002626
60.0,0.00737,0.002203,0.004812,0.007735,0.0047,0.007434,0.009607,0.002783,0.00228,0.006386,0.006101,0.002634,0.006395,0.004388,0.002232,0.006068,0.00513,0.007802,0.002886
65.0,0.014098,0.003261,0.0046,0.005815,0.004543,0.011683,0.009807,0.002279,0.001791,0.007167,0.004884,0.002125,0.004933,0.005169,0.001507,0.004624,0.011202,0.005006,0.00221
70.0,0.009579,0.002443,0.005603,0.005791,0.004788,0.008054,0.009349,0.002085,0.002199,0.008122,0.00556,0.001961,0.006737,0.006689,0.005468,0.004505,0.00736,0.004652,0.002194
75.0,0.007711,0.001639,0.00497,0.007202,0.005398,0.010228,0.012667,0.002107,0.002469,0.005902,0.007766,0.002905,0.004894,0.007499,0.004191,0.006046,0.005363,0.012523,0.002683
80.0,0.008423,0.003213,0.138597,0.167809,0.004553,0.058245,0.010359,0.001598,0.001739,0.004059,0.038183,0.002356,0.18908,0.091041,0.001806,0.293468,0.00463,0.064175,0.001904
85.0,0.101929,0.002549,0.477522,0.333471,0.005587,0.248055,0.011052,0.001868,0.00184,0.367942,0.150237,0.002028,0.310859,0.25527,0.001932,0.360781,0.254718,0.203919,0.002047
90.0,0.011835,0.00147,0.461861,0.543064,0.005517,0.18222,0.101616,0.001669,0.001672,0.31854,0.098308,0.001677,0.564083,0.416632,0.001597,0.427061,0.134274,0.004124,0.002325
95.0,0.009702,0.001354,0.439645,0.56325,0.004123,0.194492,0.007828,0.002636,0.002759,0.612032,0.216466,0.00234,0.33852,0.340477,0.002233,0.373893,0.381264,0.277822,0.002007
100.0,0.010823,0.002306,0.468177,0.35217,0.004902,0.224506,0.008418,0.00292,0.002392,0.264594,0.14526,0.002008,0.325335,0.337334,0.01277,0.566088,0.20842,0.08604,0.001811
105.0,0.01155,0.002197,0.493793,0.539664,0.004725,0.177594,0.012178,0.002076,0.001583,0.384741,0.227147,0.003084,0.245646,0.359154,0.007923,0.412222,0.202753,0.097346,0.001922
110.0,0.00834,0.001955,0.438197,0.334716,0.006717,0.007995,0.087882,0.001812,0.002181,0.467553,0.256059,0.001803,0.503772,0.412028,0.00718,0.434199,0.239203,0.003954,0.001921
115.0,0.007462,0.001573,0.47395,0.426991,0.005518,0.173605,0.009106,0.00209,0.001771,0.466461,0.245605,0.002044,0.558686,0.352717,0.001406,0.29216,0.17716,0.337896,0.00174
120.0,0.208079,0.002429,0.485614,0.503831,0.009344,0.139865,0.11502,0.037618,0.004777,0.029675,0.276384,0.002327,0.435955,0.678798,0.009333,0.719623,0.004224,0.503052,0.007287
125.0,0.006417,0.001665,0.378801,0.40609,0.004954,0.291466,0.006795,0.001395,0.001128,0.602276,0.298946,0.001268,0.252657,0.380382,0.001269,0.505815,0.502558,0.003455,0.001444
130.0,0.341636,0.00156,0.548721,0.474511,0.002859,0.005449,0.338929,0.001266,0.00225,0.501226,0.080808,0.001854,0.502668,0.502729,0.001356,0.505433,1.003593,0.003919,0.001428
135.0,0.007136,0.004172,0.303605,0.294908,0.00302,0.007249,0.007305,0.001357,0.001633,0.602252,0.170444,0.001457,0.204323,0.003912,0.0,0.004301,0.502368,0.003496,0.001839
140.0,0.006512,0.001354,0.503196,0.505579,7.714686,4.98858,0.010313,0.001687,0.001264,0.502164,0.314132,0.001429,0.503559,0.403204,0.021116,0.204077,0.004013,0.335979,0.001187
145.0,0.00635,0.001815,0.753504,0.50414,2.279364,4.438975,0.007265,0.00139,0.002674,0.503158,0.204581,0.001483,0.502626,0.004035,0.001702,0.502514,0.0,0.0,0.001468
150.0,0.042426,0.001324,0.503506,0.379911,3.23051,5.437872,0.010683,0.001248,0.001392,0.004367,0.095844,0.001309,0.336793,0.336005,0.001303,0.669508,0.003075,0.003185,0.001856
155.0,0.006503,0.00136,0.004417,0.007857,0.828385,0.0,0.006364,0.002147,0.001338,0.003303,0.007557,0.00126,0.004698,0.004159,0.0,0.004043,0.004158,0.004272,0.002113
160.0,0.0,0.001688,0.003907,0.007808,0.282198,0.098312,0.0,0.001481,0.001476,0.002996,0.004813,0.0,0.004076,0.005294,0.0,0.003946,0.004393,0.003737,0.001204
165.0,0.006712,0.0,0.003975,0.003956,0.196402,38.999256,0.006823,0.0,0.001572,0.0,0.004125,0.001328,0.004378,0.02417,0.0,0.0,0.0,0.0,0.001476
170.0,0.006654,0.001471,0.004566,0.004703,21.401826,47.556774,0.016477,0.00124,0.001502,0.004884,0.00672,0.001529,0.007469,0.004577,0.001927,0.004126,0.016218,0.004332,0.002093
175.0,0.006949,0.001505,0.004552,0.006363,27.47738,0.162388,0.011371,0.00182,0.001918,0.008131,0.005567,0.00354,0.003759,0.00436,0.001461,0.006466,0.006092,0.003992,0.001345
180.0,0.006295,0.001612,0.004818,0.00622,20.839436,1.195231,0.008798,0.001601,0.001425,0.005412,0.007596,0.00134,0.004591,0.006882,0.001169,0.006361,0.003466,0.003056,0.001368
185.0,0.009771,0.002457,0.004452,0.004887,1.691144,0.70059,0.008365,0.001444,0.001824,0.004592,0.005159,0.001476,0.004059,0.006035,0.00154,0.005887,0.004157,0.004212,0.001617
190.0,0.007979,0.003406,0.004173,0.005026,1.926227,3.73211,0.010201,0.00131,0.001485,0.002991,0.005528,0.001513,0.004868,0.007061,0.002059,0.008097,0.003261,0.005618,0.001612
195.0,0.005952,0.001812,0.004122,0.005949,3.339486,0.37041,0.006885,0.001266,0.001489,0.003231,0.006053,0.00127,0.0039,0.008303,0.00148,0.003977,0.004724,0.003665,0.001838
200.0,0.006542,0.001711,0.003861,0.003814,0.715578,2.475469,0.006202,0.001595,0.001691,0.003362,0.00554,0.001353,0.004103,0.003965,0.002263,0.003743,0.003252,0.002817,0.001475
205.0,0.009776,0.001783,0.004107,0.00558,1.552698,15.22785,0.012472,0.001713,0.001641,0.003083,0.006016,0.001793,0.004505,0.006301,0.008523,0.004195,0.003489,0.008618,0.001312
210.0,0.006052,0.001329,0.003761,0.003262,3.930144,7.657087,0.006039,0.00117,0.001279,0.00292,0.00394,0.001362,0.007204,0.003365,0.001481,0.003425,0.003374,0.013458,0.001882
215.0,0.006318,0.001051,0.003927,0.007018,5.509261,27.263231,0.010401,0.001273,0.001246,0.009232,0.005013,0.001496,0.003684,0.008912,0.001303,0.003387,0.00359,0.003438,0.001276
220.0,0.018423,0.001333,0.003629,0.005021,8.668916,14.293187,0.01113,0.001149,0.001269,0.002802,0.005005,0.002845,0.003369,0.004963,0.001285,0.003679,0.003266,0.003328,0.001161
225.0,0.006699,0.001279,0.004306,0.004989,15.933392,17.902317,0.013403,0.001265,0.001565,0.004258,0.003926,0.001391,0.003466,0.004666,0.001543,0.003493,0.003848,0.003249,0.001245
230.0,0.006302,0.001399,0.00404,0.005356,11.811042,4.130357,0.011393,0.001209,0.001681,0.002936,0.007553,0.001388,0.003474,0.003344,0.005643,0.013071,0.006342,0.014589,0.001838
235.0,0.012493,0.002015,0.00414,0.003594,9.479356,2.375769,0.011168,0.001294,0.001652,0.004412,0.004147,0.001655,0.003581,0.003602,0.002274,0.008135,0.003564,0.003225,0.001581
240.0,0.006804,0.011865,0.010625,0.009223,11.209946,2.072407,0.024392,0.001399,0.005563,0.010006,0.006398,0.001393,0.003499,0.017089,0.00147,0.007835,0.033644,0.004237,0.008305
245.0,0.008377,0.001943,0.00474,0.00436,2.016767,3.317674,0.006266,0.001561,0.001597,0.003611,0.005613,0.001875,0.00475,0.004789,0.006886,0.009227,0.004168,0.003821,0.001171
250.0,0.006319,0.001588,0.003629,0.007325,1.925562,9.898626,0.007624,0.001571,0.001418,0.002936,0.004044,0.00116,0.004227,0.006075,0.001412,0.004098,0.010055,0.003492,0.001291
255.0,0.012798,0.001467,0.004588,0.004237,4.562849,17.072193,0.00635,0.001858,0.001387,0.003552,0.005356,0.001286,0.003686,0.003889,0.001499,0.003995,0.004304,0.009058,0.001358
260.0,0.005942,0.002122,0.004124,0.003784,10.652335,0.022997,0.005888,0.001813,0.00143,0.00402,0.004444,0.002555,0.003703,0.007029,0.002052,0.006059,0.003442,0.006198,0.001372
265.0,0.008187,0.001481,0.004223,0.006938,3.266787,2.612961,0.00702,0.001768,0.00193,0.003522,0.005854,0.001253,0.003849,0.003626,0.001147,0.007647,0.004661,0.003758,0.001562
270.0,0.006883,0.002587,0.004264,0.005758,4.537706,0.744032,0.007872,0.001499,0.00144,0.003696,0.003474,0.001554,0.004496,0.003424,0.0012,0.006651,0.003532,0.00462,0.001199
275.0,0.011491,0.00135,0.004376,0.005,2.838222,6.62036,0.006376,0.001598,0.001476,0.003506,0.005611,0.001399,0.004267,0.008126,0.001665,0.003855,0.003726,0.003723,0.00127
280.0,0.00832,0.003394,0.004783,0.004499,2.254312,5.203188,0.017572,0.001835,0.001623,0.003342,0.003498,0.001616,0.004608,0.003544,0.00127,0.007825,0.00346,0.003552,0.002809
285.0,0.005916,0.001102,0.004025,0.00636,4.762902,17.195021,0.006852,0.001169,0.001341,0.005679,0.004832,0.001254,0.003423,0.003457,0.001273,0.00347,0.003024,0.003561,0.001185
290.0,0.006274,0.001337,0.004329,0.007365,12.021869,4.254407,0.022469,0.00117,0.001575,0.003381,0.007993,0.001209,0.003594,0.003438,0.001742,0.00399,0.006679,0.004269,0.001826
295.0,0.006573,0.001365,0.004236,0.004983,9.913717,4.556583,0.011069,0.001547,0.001529,0.005047,0.004227,0.001335,0.004472,0.003863,0.006599,0.007639,0.003704,0.003979,0.001681
300.0,0.007792,0.001507,0.003716,0.005539,7.516983,2.782234,0.011872,0.001737,0.001699,0.002865,0.006392,0.00132,0.00516,0.003617,0.004992,0.003788,0.003757,0.00391,0.001365
305.0,0.015323,0.002533,0.003878,0.004281,7.017857,3.313196,0.006397,0.002294,0.002035,0.003062,0.005494,0.0031,0.005735,0.006556,0.001251,0.00818,0.008922,0.004018,0.001319
310.0,0.006774,0.001417,0.004126,0.003262,5.576759,4.210276,0.010002,0.001184,0.001536,0.005475,0.00468,0.002489,0.003915,0.005188,0.00113,0.00599,0.003075,0.009445,0.001979
315.0,0.006898,0.001572,0.004565,0.006191,3.889703,1.158432,0.0103,0.001797,0.001556,0.0088,0.004692,0.001769,0.004649,0.005229,0.001356,0.006044,0.003532,0.004263,0.00182
320.0,0.008974,0.001712,0.003951,0.005339,4.883579,2.627206,0.010818,0.001509,0.001647,0.003914,0.006424,0.001435,0.00425,0.005419,0.002307,0.00992,0.0047,0.00432,0.001405
325.0,0.00601,0.001209,0.003823,0.005298,1.984427,0.613106,0.009512,0.001846,0.001187,0.002709,0.004387,0.00127,0.003443,0.004087,0.00117,0.005317,0.013252,0.00414,0.001679
330.0,0.00612,0.001947,0.00402,0.00697,5.268159,0.045617,0.010426,0.002037,0.001717,0.003132,0.005649,0.001292,0.003546,0.005572,0.002895,0.006259,0.003423,0.007614,0.002355
335.0,0.005957,0.001231,0.003526,0.004539,2.412303,1.741294,0.008796,0.001095,0.00135,0.002573,0.005858,0.001717,0.003774,0.003775,0.001143,0.003676,0.009924,0.008543,0.001658
340.0,0.005936,0.001667,0.003818,0.006743,6.016347,0.704106,0.008486,0.001648,0.001487,0.006563,0.004513,0.001222,0.004581,0.003919,0.013626,0.003861,0.005421,0.004683,0.001531
345.0,0.017885,0.006001,0.00382,0.007436,5.637865,3.780905,0.006362,0.001593,0.001467,0.004068,0.004857,0.002233,0.004706,0.003894,0.001195,0.003385,0.003674,0.009479,0.001792
350.0,0.007057,0.002141,0.004113,0.004933,4.446717,1.545103,0.012318,0.001433,0.001726,0.005825,0.005056,0.001531,0.004802,0.005774,0.001495,0.003422,0.00578,0.004124,0.001865
355.0,0.006471,0.00127,0.004764,0.005993,0.61335,1.40376,0.009674,0.001749,0.001475,0.003778,0.006179,0.001926,0.0055,0.006996,0.001361,0.009346,0.003057,0.003757,0.00156
360.0,0.011451,0.003606,0.005813,0.007642,3.309597,2.615888,0.01072,0.006179,0.0018,0.01017,0.007843,0.002648,0.004958,0.006579,0.003265,0.00548,0.013231,0.004056,0.003968
365.0,0.006936,0.001207,0.004262,0.006602,2.706626,1.060592,0.00878,0.001542,0.001956,0.003658,0.00418,0.003164,0.003982,0.004019,0.001368,0.005488,0.009569,0.009805,0.001457
370.0,0.010393,0.002331,0.004176,0.005683,1.121421,0.648995,0.006558,0.001706,0.001819,0.003225,0.006209,0.00225,0.004304,0.007699,0.001252,0.005859,0.00478,0.00702,0.002303
375.0,0.006705,0.001722,0.004627,0.006103,2.820321,1.830425,0.010182,0.002557,0.002243,0.004026,0.007195,0.002996,0.004126,0.012828,0.008481,0.007453,0.004281,0.003794,0.002209
380.0,0.006348,0.004049,0.00511,0.006229,1.657525,0.036725,0.010711,0.001679,0.001908,0.004634,0.006671,0.002145,0.004695,0.007275,0.002078,0.006114,0.003697,0.007458,0.001837
385.0,0.012571,0.001894,0.004577,0.005848,1.650953,1.840681,0.006821,0.001892,0.001519,0.003973,0.005933,0.00119,0.005984,0.006385,0.00149,0.004327,0.004517,0.00514,0.002016
390.0,0.007131,0.002121,0.005409,0.006631,2.490694,0.688344,0.008847,0.001544,0.001982,0.010349,0.005765,0.001267,0.003939,0.005285,0.004136,0.005063,0.00356,0.009636,0.001609
395.0,0.007703,0.001214,0.004994,0.006464,1.040234,0.599848,0.008973,0.001712,0.001546,0.007143,0.005529,0.001404,0.003836,0.003615,0.005099,0.004449,0.0035,0.003825,0.001994
400.0,0.009361,0.001409,0.004405,0.006226,3.037621,1.838526,0.006346,0.001799,0.001776,0.009906,0.00494,0.001603,0.003615,0.006392,0.009527,0.003955,0.007644,0.003337,0.001959
405.0,0.010374,0.002407,0.004106,0.005946,2.237105,1.595626,0.011688,0.001511,0.002403,0.006347,0.005241,0.001782,0.004162,0.0046,0.001839,0.004527,0.004506,0.005878,0.001585
410.0,0.010018,0.002822,0.004643,0.007996,2.569581,1.265595,0.010814,0.001431,0.001966,0.00314,0.005057,0.002134,0.00409,0.006073,0.001938,0.005589,0.008537,0.004,0.001765
415.0,0.007045,0.002062,0.004423,0.006436,1.499357,1.255493,0.007187,0.001501,0.00175,0.00395,0.005852,0.001725,0.00469,0.007765,0.007626,0.005523,0.004419,0.005432,0.001941
420.0,0.005572,0.002949,0.004255,0.005411,2.223183,0.652398,0.011408,0.001662,0.001958,0.004836,0.007201,0.001364,0.003887,0.004969,0.001269,0.009507,0.006969,0.00527,0.002017
425.0,0.006355,0.001592,0.004533,0.005648,1.403449,1.285284,0.008691,0.00176,0.001877,0.006092,0.00465,0.001779,0.005855,0.005613,0.007153,0.004717,0.004015,0.007365,0.002126
430.0,0.009913,0.001501,0.003856,0.004526,1.875645,1.093394,0.007955,0.001399,0.001484,0.003302,0.004592,0.001535,0.004448,0.007374,0.007062,0.004116,0.003823,0.003771,0.001969
435.0,0.009528,0.003155,0.004461,0.005658,1.382351,0.841794,0.006578,0.001931,0.001992,0.00624,0.006152,0.001896,0.005109,0.006176,0.006045,0.006261,0.007314,0.009918,0.001783
440.0,0.006998,0.001527,0.0044,0.006498,0.903158,0.67635,0.007076,0.00179,0.001989,0.00788,0.005621,0.003155,0.004498,0.004634,0.002394,0.006165,0.004402,0.004411,0.002115
445.0,0.006792,0.001369,0.004186,0.005505,1.183541,1.004996,0.009021,0.001637,0.001892,0.007531,0.006555,0.002636,0.005892,0.00753,0.002111,0.008053,0.00503,0.003186,0.001937
450.0,0.008652,0.002799,0.004716,0.005268,0.939589,0.508581,0.009093,0.001787,0.001969,0.003652,0.005994,0.002755,0.005448,0.005794,0.001263,0.004959,0.008753,0.007721,0.001352
455.0,0.012676,0.001921,0.005287,0.005634,0.436041,0.259368,0.008049,0.002206,0.002026,0.006467,0.005862,0.00175,0.004642,0.00749,0.001501,0.007598,0.00519,0.003439,0.002534
460.0,0.009038,0.001372,0.004555,0.006693,0.755439,0.260568,0.007178,0.001834,0.00227,0.004671,0.008926,0.001947,0.00567,0.005359,0.001303,0.004221,0.006148,0.005075,0.002044
465.0,0.010337,0.00129,0.00427,0.00498,1.144379,0.662077,0.01288,0.001739,0.00184,0.007895,0.004154,0.001945,0.004795,0.004062,0.004635,0.004077,0.009818,0.003436,0.001322
470.0,0.009447,0.002142,0.005747,0.005254,1.797096,0.992802,0.010157,0.001827,0.001832,0.003426,0.006242,0.002018,0.003953,0.009918,0.00168,0.011034,0.008879,0.008511,0.001548
475.0,0.005072,0.00237,0.004547,0.005915,1.548955,2.1209,0.007745,0.001569,0.001609,0.003335,0.005917,0.002085,0.003792,0.00513,0.001408,0.006127,0.011612,0.003654,0.001626
480.0,0.009984,0.002136,0.004155,0.009223,2.404428,1.676072,0.016391,0.001373,0.003104,0.004803,0.00729,0.004409,0.007723,0.008792,0.001175,0.009359,0.004632,0.009402,0.005214
485.0,0.007176,0.001298,0.003932,0.005054,2.335392,1.777477,0.005102,0.001777,0.001986,0.005928,0.005671,0.003127,0.003683,0.006068,0.001753,0.003581,0.004925,0.00334,0.001492
490.0,0.006109,0.001392,0.0045,0.006017,3.511436,2.189453,0.008801,0.001736,0.001681,0.006208,0.007252,0.00187,0.004033,0.005908,0.001299,0.008632,0.006629,0.004778,0.002047
495.0,0.005207,0.002254,0.003823,0.006363,2.420615,1.05518,0.009017,0.001278,0.001581,0.005164,0.004363,0.00176,0.004111,0.004305,0.001129,0.004173,0.004474,0.006676,0.001209
500.0,0.006388,0.001655,0.004513,0.007981,1.635704,0.122521,0.008847,0.001814,0.001851,0.006311,0.00754,0.00269,0.005057,0.005741,0.006493,0.009458,0.005288,0.00445,0.001856
505.0,0.00658,0.001606,0.004677,0.006526,0.623825,0.326661,0.010731,0.001954,0.001726,0.004729,0.004746,0.002176,0.005107,0.00559,0.001597,0.007928,0.004981,0.004363,0.00243
510.0,0.007017,0.00283,0.357376,0.310075,0.33741,0.618131,0.042186,0.001426,0.001829,0.57562,0.124312,0.001836,0.243818,0.208882,0.001144,0.530925,0.146792,0.010166,0.002858
515.0,0.010753,0.001619,0.46981,0.397414,0.374541,0.763084,0.006237,0.001687,0.00247,0.430248,0.227904,0.002345,0.308488,0.402501,0.007127,0.325201,0.094199,0.303065,0.00158
520.0,0.006601,0.002152,0.457117,0.455406,0.431567,0.424907,0.008121,0.00219,0.001995,0.278186,0.248461,0.001532,0.591691,0.442036,0.005253,0.407947,0.510768,0.459024,0.001654
525.0,0.0081,0.001798,0.347708,0.463195,0.332491,0.471708,0.053575,0.001687,0.002357,0.396752,0.273573,0.001988,0.41808,0.487966,0.010844,0.420189,0.292359,0.281477,0.001591
530.0,0.096387,0.002375,0.498139,0.469042,0.447194,0.547488,0.06259,0.002174,0.001529,0.549778,0.167867,0.001804,0.58649,0.226916,0.001254,0.484173,0.258312,0.148324,0.001726
535.0,0.008289,0.001918,0.510166,0.451949,0.367431,0.470577,0.098454,0.001784,0.002091,0.469607,0.179899,0.001503,0.504433,0.222133,0.001497,0.351561,0.289494,0.562055,0.001505
540.0,0.006321,0.001459,0.341403,0.36029,0.469311,0.586704,0.063917,0.001565,0.001731,0.197306,0.239141,0.002258,0.467783,0.423019,0.001264,0.504991,0.128858,0.226267,0.002457
545.0,0.007337,0.004291,0.368439,0.348114,0.916337,0.808104,0.007954,0.001696,0.001529,0.528293,0.141963,0.002274,0.482497,0.585648,0.005529,0.441523,0.254611,0.203914,0.001581
550.0,0.290765,0.00125,0.433832,0.459781,0.816043,0.747477,0.209048,0.001358,0.001565,0.338526,0.162646,0.003012,0.453035,0.442896,0.001216,0.538417,0.188249,0.204271,0.001347
555.0,0.007089,0.00337,0.434367,0.359621,2.150629,2.458716,0.092387,0.001525,0.001945,0.631827,0.193778,0.00121,0.588622,0.361941,0.006768,0.420396,0.004605,0.259351,0.001814
560.0,0.078988,0.001678,0.449641,0.424577,2.545607,0.734462,0.005401,0.001222,0.001957,0.414799,0.189982,0.001327,0.653499,0.177663,0.007288,0.337139,0.289316,0.387596,0.001837
565.0,0.00648,0.001814,0.397975,0.309587,0.941014,0.380375,0.008792,0.001769,0.001684,0.580531,0.168857,0.001434,0.16169,0.296346,0.00568,0.521373,0.087253,0.310439,0.001518
570.0,0.091285,0.001797,0.340198,0.230927,0.498586,0.688251,0.064406,0.004178,0.002812,0.29809,0.159775,0.001608,0.417167,0.119485,0.001759,0.340481,0.188597,0.157253,0.001731
575.0,0.00834,0.002093,0.004998,0.006943,0.923696,0.895869,0.007643,0.002424,0.002264,0.005468,0.006278,0.001914,0.004811,0.005394,0.005263,0.008989,0.004038,0.01068,0.002458
580.0,0.010552,0.001829,0.004249,0.005053,1.020868,0.712998,0.006062,0.002275,0.002253,0.004676,0.004909,0.001254,0.004603,0.006268,0.001375,0.004501,0.003658,0.00352,0.001423
585.0,0.006528,0.001956,0.004643,0.006078,0.963888,0.433075,0.008158,0.003562,0.002102,0.005945,0.006227,0.001979,0.005449,0.006343,0.001598,0.003863,0.00827,0.004659,0.0024
590.0,0.011668,0.002246,0.004681,0.00519,1.183117,0.682413,0.005983,0.001952,0.001869,0.004297,0.004536,0.001514,0.004636,0.005202,0.001435,0.009856,0.00563,0.004645,0.001879
595.0,0.005922,0.002499,0.294029,0.277483,0.587322,0.505298,0.054632,0.002204,0.001867,0.267178,0.203721,0.002635,0.283288,0.367466,0.006216,0.375086,0.211453,0.11993,0.002255
600.0,0.013728,0.002249,0.364216,0.486517,0.468987,0.487252,0.049597,0.002364,0.002305,0.353815,0.2237,0.003189,0.371811,0.459045,0.001245,0.581955,0.158644,0.007104,0.00161
605.0,0.007474,0.003525,0.415594,0.486339,0.370277,0.565191,0.01059,0.001787,0.002477,0.3646,0.240948,0.002448,0.488179,0.487433,0.001763,0.381989,0.315858,0.109327,0.002322
610.0,0.006228,0.00195,0.387438,0.362964,0.529411,0.391819,0.057489,0.002315,0.001794,0.429055,0.178282,0.002537,0.503247,0.276915,0.001402,0.467944,0.089081,0.314057,0.001657
615.0,0.007628,0.00152,0.471301,0.418141,0.437759,0.554807,0.150115,0.003302,0.002206,0.484088,0.259553,0.001842,0.596939,0.483785,0.007941,0.373888,0.502109,0.172916,0.002617
620.0,0.078688,0.001465,0.548572,0.447465,0.371975,0.314641,0.007901,0.001439,0.001814,0.627887,0.194558,0.002622,0.613109,0.185166,0.004241,0.306161,0.160773,0.271597,0.002206
625.0,0.08988,0.003257,0.492856,0.386723,0.379422,0.529449,0.110502,0.001742,0.003341,0.270945,0.239117,0.002061,0.337212,0.472579,0.014505,0.337815,0.254298,0.107881,0.003148
630.0,0.007308,0.001421,0.427798,0.386019,0.427653,0.673005,0.112957,0.001665,0.00171,0.556435,0.247803,0.002847,0.384658,0.406463,0.002327,0.525161,0.004116,0.089005,0.002632
635.0,0.13159,0.002971,0.4169,0.478288,0.299139,0.649093,0.080172,0.002141,0.001813,0.38156,0.161651,0.001445,0.28991,0.300005,0.001599,0.524749,0.18644,0.230252,0.001981
640.0,0.011041,0.001437,0.329088,0.547495,0.382579,0.353207,0.059868,0.001583,0.001426,0.440582,0.195985,0.002036,0.502642,0.503264,0.001192,0.355921,0.169448,0.008752,0.001368
645.0,0.005005,0.002016,0.446023,0.368571,0.417173,0.349409,0.006301,0.002525,0.001884,0.440702,0.222616,0.001635,0.339442,0.435684,0.005199,0.605599,0.253212,0.116046,0.002477
650.0,0.149584,0.001443,0.473838,0.401184,0.408335,0.382234,0.11912,0.001522,0.001754,0.321971,0.169971,0.001605,0.351302,0.533072,0.001595,0.440705,0.295352,0.336282,0.001277
655.0,0.009184,0.001465,0.570264,0.400752,0.687254,0.480055,0.063573,0.001471,0.001749,0.444449,0.231537,0.001477,0.421023,0.484923,0.002096,0.401773,0.137457,0.271622,0.002212
660.0,0.105607,0.001231,0.459357,0.448404,1.247367,1.465931,0.010264,0.001937,0.00167,0.439977,0.210055,0.001632,0.322434,0.379186,0.001429,0.319852,0.253535,0.293611,0.003274
665.0,0.006454,0.00185,0.41904,0.442702,1.629563,1.491611,0.009222,0.001702,0.001734,0.502522,0.187176,0.002188,0.40392,0.308717,0.001235,0.441273,0.403509,0.291176,0.001398
670.0,0.005143,0.004822,0.408395,0.426047,1.791798,1.145116,0.075081,0.001641,0.001693,0.406933,0.248658,0.001553,0.425507,0.470506,0.003763,0.524861,0.173549,0.099357,0.00191
675.0,0.006043,0.002165,0.40821,0.469579,0.511974,0.617959,0.006226,0.001962,0.001866,0.505427,0.227088,0.001966,0.613253,0.446017,0.001338,0.523515,0.312131,0.114912,0.001773
680.0,0.1305,0.001442,0.481698,0.463905,0.655489,0.848059,0.044999,0.002276,0.001942,0.530654,0.146206,0.001531,0.350372,0.441905,0.001508,0.40526,0.349725,0.206616,0.001682
685.0,0.005461,0.001911,0.39233,0.472416,0.812706,1.015654,0.123659,0.001575,0.00215,0.443219,0.233894,0.001996,0.50307,0.326923,0.004654,0.323341,0.406761,0.129734,0.002098
690.0,0.005647,0.002107,0.478777,0.309612,0.886854,0.574161,0.009714,0.002206,0.001966,0.532287,0.186667,0.002599,0.373113,0.531823,0.003385,0.482795,0.003518,0.337824,0.001763
695.0,0.096259,0.002933,0.486125,0.440389,0.485992,0.860767,0.006336,0.001371,0.001721,0.287022,0.166388,0.001812,0.451484,0.495225,0.005224,0.192243,0.253101,0.133205,0.001433
700.0,0.10615,0.004512,0.365378,0.414225,0.737379,0.548519,0.055922,0.003082,0.002381,0.388318,0.210834,0.001458,0.33798,0.503541,0.001927,0.189483,0.188538,0.312325,0.001689
705.0,0.009891,0.001631,0.439826,0.353578,0.464197,0.421101,0.006265,0.001767,0.001565,0.503602,0.300503,0.001268,0.420019,0.369635,0.001158,0.504288,0.003426,0.303113,0.001441
710.0,0.058646,0.001874,0.371108,0.298087,0.534676,0.422158,0.009029,0.001528,0.001904,0.417414,0.219714,0.001902,0.559377,0.393054,0.001917,0.244388,0.12989,0.504223,0.002205
715.0,0.005197,0.002091,0.401458,0.543235,0.770198,0.635158,0.075383,0.001545,0.001937,0.360549,0.211443,0.001933,0.267241,0.451635,0.001727,0.337245,0.20456,0.095966,0.001506
720.0,0.009086,0.003001,0.467852,0.400281,0.728291,1.061372,0.053118,0.002778,0.001873,0.338072,0.268824,0.002024,0.298996,0.380853,0.006675,0.507807,0.103531,0.185584,0.001979
725.0,0.005651,0.001394,0.438357,0.412699,0.329646,0.451952,0.103321,0.003783,0.003742,0.504175,0.18421,0.002237,0.272458,0.314343,0.005652,0.472839,0.129252,0.205663,0.001525
730.0,0.005768,0.001261,0.485533,0.535006,0.455168,0.476986,0.141502,0.002291,0.001425,0.562321,0.21706,0.001529,0.41075,0.358825,0.001137,0.411609,0.115157,0.203891,0.002461
735.0,0.255368,0.010211,0.379766,0.454051,0.52431,0.680879,0.0135,0.001883,0.001683,0.361898,0.362583,0.001958,0.553193,0.477195,0.005028,0.505597,0.203654,0.403622,0.002843
740.0,0.008314,0.00142,0.419803,0.337528,0.420726,0.722389,0.082761,0.001631,0.001676,0.404638,0.210761,0.002004,0.455363,0.450124,0.00114,0.557804,0.146302,0.276837,0.00189
745.0,0.007612,0.002291,0.426248,0.365344,0.418402,0.772421,0.048232,0.002504,0.00173,0.468083,0.176135,0.001488,0.161901,0.559697,0.001354,0.523839,0.068172,0.006886,0.001995
750.0,0.006767,0.001203,0.440019,0.395885,0.406374,0.467151,0.080427,0.002515,0.001884,0.559331,0.167196,0.002029,0.413495,0.401242,0.004405,0.57355,0.360421,0.086723,0.001887
755.0,0.005597,0.002004,0.50989,0.328269,0.585372,0.588673,0.056989,0.001812,0.001928,0.70317,0.214324,0.001549,0.56869,0.364811,0.001647,0.360723,0.170045,0.169585,0.001227
760.0,0.256811,0.001688,0.432648,0.421742,0.754883,0.919092,0.006695,0.001767,0.001707,0.309494,0.235853,0.002201,0.404546,0.474191,0.001396,0.429909,0.204195,0.006879,0.001526
765.0,0.231248,0.002306,0.424488,0.30228,0.959207,1.128643,0.005602,0.00124,0.001678,0.253274,0.196433,0.001428,0.431611,0.565883,0.005732,0.460879,0.339882,0.218022,0.001181
770.0,0.009893,0.001297,0.544936,0.386003,1.388944,0.85159,0.099751,0.001335,0.001385,0.449047,0.188275,0.001808,0.403401,0.551943,0.00876,0.424561,0.15204,0.186119,0.001731
775.0,0.008058,0.001457,0.271614,0.358607,1.833923,0.875763,0.052163,0.001536,0.001463,0.337391,0.078569,0.001806,0.379111,0.247257,0.00126,0.147357,0.008593,0.338075,0.003324
780.0,0.010749,0.00151,0.231227,0.382668,0.83208,0.30773,0.045627,0.001426,0.001666,0.375381,0.146172,0.001639,0.351936,0.404401,0.001629,0.254759,0.008756,0.17017,0.001558
785.0,0.006575,0.001742,0.493804,0.454337,0.533449,0.457813,0.06879,0.002092,0.002253,0.163259,0.295752,0.002218,0.482012,0.590352,0.001531,0.229928,0.338785,0.204565,0.002434
790.0,0.14913,0.002379,0.49174,0.440117,0.599795,0.592765,0.007638,0.00183,0.001912,0.504843,0.223677,0.002101,0.524261,0.503482,0.001725,0.413673,0.336956,0.291635,0.001996
795.0,0.00644,0.002332,0.401029,0.407793,0.725828,0.459698,0.147652,0.002081,0.001963,0.482543,0.177585,0.001738,0.434152,0.422462,0.001414,0.582145,0.203958,0.257704,0.00159
800.0,0.007957,0.001372,0.389816,0.45782,0.418492,0.442419,0.062901,0.002276,0.002498,0.534014,0.164346,0.001548,0.266841,0.534041,0.0018,0.305692,0.157957,0.316253,0.002095
805.0,0.004907,0.001889,0.406161,0.447069,0.564821,0.828683,0.040548,0.001611,0.001811,0.65245,0.244081,0.001722,0.670044,0.33834,0.011387,0.649591,0.373564,0.590039,0.001867
810.0,0.006303,0.001809,0.433213,0.532142,0.405759,0.503918,0.108624,0.004544,0.001795,0.629322,0.264723,0.002238,0.403947,0.566935,0.001264,0.383508,0.2559,0.010498,0.004896
815.0,0.006722,0.001269,0.401864,0.532258,0.4458,0.396579,0.139793,0.001693,0.001824,0.295689,0.166827,0.001687,0.395656,0.373247,0.006378,0.311419,0.003089,0.669848,0.001444
820.0,0.107059,0.002707,0.499431,0.41543,0.371226,0.723741,0.051955,0.001906,0.002179,0.269125,0.264847,0.003867,0.283065,0.543687,0.005337,0.279585,0.008729,0.119288,0.001984
825.0,0.00515,0.001857,0.336744,0.41905,0.422372,0.423319,0.053973,0.001341,0.001561,0.468728,0.196572,0.001602,0.538884,0.446719,0.001122,0.558114,0.257522,0.335393,0.001854
830.0,0.00542,0.002766,0.356126,0.469836,0.394095,0.511214,0.08295,0.001282,0.001912,0.404371,0.146796,0.001522,0.348543,0.36633,0.004464,0.504515,0.366328,0.504066,0.001637
835.0,0.005635,0.001649,0.46199,0.387723,0.413418,0.535073,0.103529,0.002059,0.002078,0.472711,0.294805,0.002948,0.518534,0.387667,0.001605,0.430115,0.170246,0.00504,0.002675
840.0,0.00942,0.002119,0.443442,0.530413,0.550374,0.656629,0.006663,0.001805,0.001803,0.550336,0.191117,0.001708,0.383938,0.321485,0.001372,0.462603,0.225086,0.21833,0.001753
845.0,0.014501,0.002225,0.394591,0.276616,0.649816,0.535679,0.089894,0.001852,0.001954,0.433094,0.229012,0.001659,0.58277,0.441741,0.0015,0.351372,0.080554,0.253604,0.002256
850.0,0.007273,0.002112,0.374387,0.354742,0.918867,0.603758,0.005061,0.003406,0.001944,0.506799,0.270887,0.001789,0.412987,0.397633,0.005464,0.391155,0.25478,0.238145,0.00178
855.0,0.004803,0.001375,0.497686,0.518246,0.786582,0.570481,0.005095,0.001967,0.001952,0.478796,0.235802,0.001182,0.404022,0.365089,0.001523,0.562896,0.174133,0.253755,0.002
860.0,0.00737,0.002555,0.453369,0.382032,0.543679,0.67376,0.05979,0.001745,0.002587,0.407396,0.178617,0.001584,0.278679,0.342842,0.001437,0.44378,0.157886,0.39152,0.002575
865.0,0.068431,0.001575,0.448432,0.410962,0.409244,0.587115,0.047069,0.001592,0.001493,0.439755,0.245147,0.001598,0.375006,0.423165,0.001243,0.32201,0.128416,0.254739,0.001383
870.0,0.005449,0.001366,0.41834,0.399939,0.337527,0.490222,0.097646,0.00209,0.001379,0.50447,0.205515,0.001637,0.527787,0.413982,0.001638,0.52872,0.366764,0.115687,0.001366
875.0,0.106149,0.001925,0.462434,0.402517,0.416817,0.272404,0.11521,0.001766,0.002082,0.254938,0.125739,0.001645,0.503957,0.384696,0.001369,0.283056,0.108188,0.337551,0.003066
880.0,0.012008,0.001354,0.445641,0.374002,0.38064,0.397531,0.117709,0.001452,0.001527,0.46263,0.246632,0.001632,0.483035,0.474247,0.001229,0.550864,0.080595,0.185271,0.00144
885.0,0.078832,0.002426,0.41732,0.443547,0.339384,0.545445,0.172294,0.001262,0.001697,0.312045,0.196371,0.001514,0.310977,0.404914,0.001371,0.537891,0.289135,0.004261,0.001754
890.0,0.006277,0.001204,0.378217,0.376926,0.372395,0.655272,0.056299,0.001747,0.001758,0.570851,0.283789,0.001925,0.351325,0.517951,0.00144,0.53165,0.253405,0.149695,0.002638
895.0,0.005638,0.001459,0.437548,0.422052,0.435039,0.485792,0.137297,0.001861,0.001264,0.54411,0.265632,0.001388,0.525394,0.377563,0.004457,0.453854,0.382411,0.402241,0.001453
900.0,0.175379,0.002047,0.448314,0.549049,0.415234,0.487266,0.006781,0.00231,0.001849,0.21748,0.252952,0.001942,0.484543,0.425379,0.00133,0.39375,0.141241,0.239842,0.001664
905.0,0.011799,0.001496,0.443473,0.469659,0.37781,0.471957,0.011088,0.001457,0.001945,0.502475,0.183985,0.00166,0.360585,0.316,0.005487,0.388268,0.204763,0.447811,0.002044
910.0,0.082187,0.001866,0.410844,0.504646,0.351436,0.470092,0.143905,0.001461,0.001704,0.302538,0.226975,0.002225,0.568843,0.314386,0.001199,0.581486,0.36822,0.14654,0.001459
915.0,0.080011,0.001861,0.408162,0.408801,0.341187,0.753059,0.082585,0.001832,0.001891,0.531001,0.194095,0.002809,0.473989,0.393442,0.006913,0.455988,0.094867,0.25919,0.001822
920.0,0.18714,0.001363,0.446689,0.422358,0.531311,0.515388,0.048516,0.001782,0.002241,0.231545,0.171103,0.002946,0.317734,0.367765,0.001213,0.398508,0.204821,0.252913,0.001613
925.0,0.005012,0.001668,0.438299,0.479283,0.354352,0.715449,0.093714,0.001721,0.001697,0.403876,0.202875,0.001484,0.622843,0.556575,0.001086,0.397278,0.432391,0.204267,0.001721
930.0,0.012101,0.001674,0.369407,0.386382,0.383977,0.455222,0.007102,0.001895,0.001864,0.335961,0.201509,0.002484,0.43341,0.340041,0.004442,0.458724,0.171748,0.258416,0.001579
935.0,0.005897,0.002703,0.440311,0.237461,0.364808,0.541709,0.006582,0.001292,0.001658,0.434608,0.164305,0.001105,0.38343,0.474068,0.001193,0.394136,0.42708,0.083289,0.001618
940.0,0.009282,0.00148,0.478215,0.421528,0.371542,0.752364,0.167028,0.001871,0.001669,0.419228,0.225006,0.001402,0.315999,0.503203,0.006519,0.57543,0.257212,0.097534,0.00198
945.0,0.00961,0.001852,0.503516,0.463711,0.547491,0.124486,0.006977,0.00136,0.001577,0.608575,0.252728,0.001605,0.448278,0.572921,0.001684,0.565692,0.501352,0.003201,0.001552
950.0,0.008519,0.001793,0.391651,0.418508,0.453487,0.608392,0.008339,0.002049,0.001772,0.548551,0.119923,0.001837,0.322413,0.48108,0.001365,0.368296,0.270181,0.183655,0.001375
955.0,0.009121,0.001269,0.347868,0.392064,0.430078,0.623785,0.07653,0.001422,0.001689,0.432984,0.141168,0.002111,0.814301,0.419615,0.001221,0.324993,0.419548,0.40392,0.001283
960.0,0.106604,0.003804,0.410145,0.418702,0.64974,0.869625,0.006751,0.003905,0.003461,0.45195,0.166246,0.002356,0.432718,0.443658,0.001379,0.429967,0.094186,0.279871,0.002545
965.0,0.066364,0.002653,0.40015,0.459698,0.341924,0.566007,0.00741,0.002625,0.002125,0.411334,0.191542,0.00241,0.522702,0.410246,0.001662,0.230808,0.129687,0.253403,0.001617
970.0,0.006869,0.001701,0.46597,0.393176,0.334123,0.361317,0.112311,0.001608,0.001832,0.473446,0.213324,0.001495,0.542483,0.441045,0.006789,0.350943,0.423078,0.00514,0.001282
975.0,0.008132,0.001555,0.403529,0.405381,0.390502,0.302255,0.006714,0.00142,0.001452,0.474516,0.21593,0.001553,0.487081,0.633443,0.007477,0.468585,0.303177,0.146358,0.001832
980.0,0.00603,0.001681,0.458045,0.465274,0.38184,0.527544,0.205935,0.002403,0.002061,0.443937,0.249296,0.001877,0.546324,0.34868,0.001662,0.46543,0.384757,0.011429,0.003375
985.0,0.105688,0.001921,0.433785,0.42187,0.362795,0.526819,0.184009,0.001548,0.00173,0.604962,0.223661,0.001495,0.470391,0.593984,0.001691,0.383732,0.340421,0.342357,0.001822
990.0,0.342788,0.002059,0.420432,0.384123,0.320346,0.521041,0.006154,0.001704,0.001534,0.503056,0.163166,0.002337,0.372893,0.529682,0.00157,0.312556,0.290676,0.078806,0.001982
995.0,0.01113,0.002233,0.557006,0.431913,0.512125,0.275565,0.008779,0.002242,0.001484,0.234263,0.221082,0.001455,0.47068,0.396502,0.004447,0.431964,0.277331,0.508517,0.002029
1000.0,0.080582,0.003015,0.473772,0.47972,0.328851,0.708415,0.067645,0.001404,0.001628,0.373615,0.195176,0.001786,0.38844,0.412344,0.001203,0.33704,0.128426,0.101186,0.001644
1005.0,0.14978,0.001293,0.479006,0.436129,0.302225,0.488548,0.056823,0.001621,0.001638,0.336716,0.209774,0.001231,0.432266,0.458163,0.001042,0.438962,0.258381,0.220924,0.001696
1010.0,0.006758,0.001552,0.371949,0.465543,0.409136,0.533576,0.082719,0.001387,0.001571,0.30147,0.318184,0.001224,0.488449,0.336479,0.001347,0.592466,0.209016,0.128815,0.001461
1015.0,0.005032,0.002086,0.497084,0.379357,0.388788,0.459416,0.100694,0.001409,0.001611,0.337658,0.176453,0.001421,0.372713,0.392896,0.004611,0.386297,0.259757,0.34188,0.001609
1020.0,0.005797,0.002636,0.351733,0.456165,0.390419,0.36621,0.105809,0.001496,0.001884,0.433116,0.289464,0.003367,0.432119,0.438188,0.004393,0.484333,0.120135,0.075981,0.002345
1025.0,0.00518,0.002067,0.303012,0.440512,0.3983,0.562092,0.00946,0.001576,0.001546,0.4771,0.193865,0.001683,0.396884,0.454635,0.004973,0.418955,0.157662,0.323711,0.002329
1030.0,0.005846,0.001709,0.41465,0.43361,0.381351,0.66066,0.009109,0.002293,0.001913,0.438733,0.173813,0.001423,0.438476,0.355086,0.001289,0.438392,0.271293,0.177025,0.001955
1035.0,0.009787,0.001484,0.371352,0.434464,0.355434,0.45247,0.135482,0.001953,0.001656,0.339069,0.230234,0.001606,0.412453,0.363894,0.009618,0.430227,0.111605,0.203629,0.00171
1040.0,0.099474,0.001449,0.327072,0.465291,0.349337,0.629666,0.007628,0.001577,0.001751,0.491394,0.141426,0.001627,0.426477,0.45425,0.001546,0.464938,0.090659,0.290733,0.001586
1045.0,0.005767,0.00158,0.387426,0.409922,0.381414,0.49626,0.00598,0.001358,0.001513,0.365932,0.16795,0.002321,0.504279,0.415547,0.003872,0.388473,0.003932,0.205073,0.001476
1050.0,0.085368,0.002195,0.492076,0.446933,0.499431,0.39272,0.045464,0.002374,0.002062,0.461151,0.205058,0.001927,0.43973,0.532799,0.001438,0.388576,0.105731,0.189401,0.002127
1055.0,0.011465,0.001808,0.50448,0.520108,0.614796,0.762652,0.008775,0.001562,0.002555,0.35634,0.313241,0.00206,0.481929,0.295568,0.001644,0.269465,0.147332,0.186505,0.001955
1060.0,0.120599,0.001686,0.452264,0.398693,0.603476,0.831555,0.060269,0.001627,0.001542,0.349702,0.212761,0.001224,0.481995,0.353061,0.001621,0.46551,0.169797,0.128995,0.001693
1065.0,0.005465,0.001387,0.426963,0.378014,0.677267,1.187805,0.009751,0.001468,0.001371,0.590816,0.218912,0.001303,0.622093,0.292914,0.001153,0.391458,0.005198,0.254068,0.002448
1070.0,0.005402,0.001547,0.336577,0.504249,3.072303,1.928635,0.067798,0.002037,0.001297,0.457749,0.172168,0.001337,0.502629,0.412022,0.005406,0.53818,0.335911,0.003149,0.001447
1075.0,0.187529,0.001615,0.400772,0.406078,3.206047,2.522722,0.0139,0.002185,0.001573,0.398295,0.119619,0.002161,0.387652,0.537599,0.001769,0.447899,0.090804,0.314214,0.001577
1080.0,0.124072,0.00358,0.492751,0.39764,1.201646,0.732642,0.154882,0.001928,0.001997,0.529658,0.193513,0.001698,0.462675,0.430483,0.001186,0.441579,0.076915,0.357696,0.00263
1085.0,0.005524,0.001703,0.417672,0.351121,0.547354,0.439096,0.123656,0.001879,0.001823,0.529526,0.204588,0.00122,0.307872,0.37011,0.00543,0.451661,0.172403,0.258363,0.001481
1090.0,0.141475,0.001765,0.519633,0.498544,0.366427,0.769741,0.010738,0.002825,0.002312,0.486601,0.228325,0.001376,0.339687,0.714567,0.00149,0.506987,0.231193,0.337871,0.001907
1095.0,0.186804,0.001353,0.429409,0.344766,0.374339,0.541614,0.006898,0.002111,0.001728,0.54991,0.283901,0.001679,0.433193,0.39875,0.004431,0.340572,0.146869,0.005138,0.001869
1100.0,0.009806,0.001688,0.361479,0.506159,0.28195,0.5261,0.008646,0.00171,0.001426,0.376083,0.162591,0.001987,0.50315,0.506718,0.00116,0.367599,0.290298,0.252781,0.001778
1105.0,0.116869,0.002846,0.359279,0.465092,0.323709,0.811239,0.008184,0.001769,0.001738,0.370497,0.204215,0.002457,0.418331,0.551457,0.001632,0.291223,0.119484,0.208239,0.002562
1110.0,0.005887,0.002539,0.325982,0.411095,0.392671,0.49285,0.116977,0.001834,0.001641,0.336635,0.268995,0.001477,0.575109,0.415175,0.001127,0.414582,0.180135,0.283971,0.001787
1115.0,0.095831,0.002116,0.481761,0.52508,0.395765,0.397842,0.067646,0.001488,0.002126,0.734138,0.206682,0.002016,0.295684,0.524803,0.00583,0.321254,0.204142,0.378937,0.001678
1120.0,0.006922,0.003955,0.472517,0.368888,0.31821,0.68686,0.044249,0.003065,0.001821,0.370801,0.182672,0.002343,0.524323,0.506906,0.001463,0.352806,0.14888,0.004402,0.002094
1125.0,0.005119,0.001553,0.450235,0.510322,0.358243,0.583709,0.070847,0.001706,0.002077,0.603437,0.25763,0.001732,0.196493,0.490833,0.001074,0.302189,0.405888,0.25445,0.001968
1130.0,0.120162,0.00138,0.405625,0.441088,0.334179,0.561543,0.00537,0.00125,0.001708,0.447015,0.175691,0.00175,0.351041,0.61014,0.001258,0.214452,0.008114,0.341379,0.001569
1135.0,0.129527,0.002,0.469847,0.507512,0.335709,0.545114,0.061119,0.002072,0.002335,0.391695,0.129024,0.001584,0.325927,0.477846,0.001474,0.414012,0.379028,0.296585,0.002246
1140.0,0.004815,0.001566,0.564693,0.490613,0.392542,0.638003,0.066816,0.00142,0.001858,0.428467,0.279693,0.002062,0.502986,0.472073,0.001263,0.587426,0.203194,0.402457,0.001476
1145.0,0.118263,0.001421,0.38234,0.442052,0.35994,0.572105,0.009268,0.001442,0.001525,0.472085,0.257137,0.001587,0.564445,0.375032,0.003949,0.539439,0.292933,0.220358,0.001651
1150.0,0.148583,0.002331,0.395669,0.558197,0.359001,0.838506,0.064647,0.001903,0.002199,0.463896,0.210631,0.001363,0.567054,0.375678,0.001334,0.374043,0.128663,0.2292,0.002215
1155.0,0.120517,0.001559,0.410134,0.389332,0.362848,0.322569,0.055734,0.001956,0.00148,0.385481,0.250277,0.002656,0.384539,0.286824,0.001874,0.503951,0.007162,0.003325,0.001412
1160.0,0.005048,0.001435,0.410646,0.427433,0.354306,0.50644,0.065253,0.001669,0.001759,0.357351,0.264149,0.001308,0.479787,0.548814,0.008337,0.485967,0.291673,0.234704,0.00204
1165.0,0.096719,0.002113,0.406243,0.439885,0.324815,0.349802,0.140956,0.001656,0.001717,0.348595,0.21555,0.001776,0.581585,0.350706,0.001729,0.384475,0.003924,0.003599,0.001841
1170.0,0.082518,0.001715,0.396828,0.366915,0.417262,0.314173,0.071679,0.001454,0.001629,0.41731,0.174696,0.003451,0.279442,0.384682,0.007347,0.312948,0.254243,0.104994,0.00211
1175.0,0.005222,0.001449,0.43233,0.440659,0.523541,0.682587,0.008976,0.001728,0.001928,0.635653,0.188183,0.001277,0.413416,0.491338,0.001283,0.526973,0.176074,0.342341,0.001451
1180.0,0.099435,0.002514,0.412843,0.389369,0.31759,0.377174,0.00778,0.001718,0.001832,0.415946,0.277392,0.001298,0.30874,0.582394,0.001551,0.337172,0.094811,0.340884,0.001666
1185.0,0.084419,0.001631,0.362047,0.40412,0.363491,0.826846,0.053193,0.001345,0.001561,0.462623,0.232362,0.001901,0.462469,0.378442,0.001092,0.605028,0.003467,0.151516,0.001784
1190.0,0.005003,0.001726,0.491632,0.397666,0.33412,0.552945,0.125025,0.00162,0.001928,0.484029,0.192021,0.001669,0.48349,0.611541,0.001189,0.407604,0.087332,0.373872,0.001616
1195.0,0.105528,0.002499,0.480195,0.421208,0.395644,0.593489,0.061681,0.003588,0.002399,0.3948,0.224577,0.001406,0.444324,0.416519,0.001831,0.5948,0.1287,0.102172,0.002197
1200.0,0.015463,0.002251,0.38938,0.453467,0.380563,0.463317,0.135915,0.002514,0.0018,0.182446,0.268432,0.002457,0.504425,0.554991,0.002573,0.416114,0.206198,0.258121,0.002309
1205.0,0.101011,0.002418,0.417254,0.398009,0.375383,0.505079,0.069881,0.004007,0.003598,0.405715,0.190921,0.002135,0.441858,0.330062,0.004706,0.468589,0.008418,0.288968,0.005197
1210.0,0.009016,0.00206,0.504037,0.442199,0.365544,0.396376,0.044572,0.001326,0.001696,0.457567,0.170238,0.001874,0.468097,0.26805,0.001371,0.507658,0.134155,0.08734,0.001409
1215.0,0.091892,0.002229,0.444291,0.459926,0.317196,0.528367,0.065202,0.001641,0.0024,0.645056,0.255065,0.001497,0.433909,0.3319,0.004233,0.5301,0.109222,0.376785,0.002007
1220.0,0.088263,0.003075,0.379302,0.513306,0.387417,0.525043,0.007102,0.002658,0.001817,0.309985,0.187633,0.001603,0.221978,0.374291,0.001152,0.528361,0.360777,0.101496,0.001459
1225.0,0.012905,0.001958,0.415558,0.437477,0.342815,0.760902,0.104551,0.001538,0.001917,0.324742,0.142564,0.002264,0.480952,0.517735,0.00222,0.507544,0.29089,0.230583,0.001335
1230.0,0.005489,0.002338,0.445596,0.36912,0.398154,0.496521,0.00997,0.002457,0.002071,0.413628,0.201996,0.001751,0.444935,0.467259,0.004112,0.337152,0.142535,0.317756,0.001641
1235.0,0.089261,0.001471,0.509999,0.418489,0.380078,0.547509,0.005516,0.00257,0.00172,0.423457,0.164775,0.001955,0.353324,0.324838,0.001368,0.415955,0.14028,0.161172,0.00191
1240.0,0.009177,0.002364,0.454028,0.400928,0.30942,0.472687,0.107465,0.002022,0.001647,0.384384,0.209117,0.003733,0.569741,0.551811,0.001909,0.628419,0.560247,0.00531,0.001966
1245.0,0.009426,0.002391,0.405633,0.498419,0.367093,0.584028,0.052785,0.002046,0.001717,0.294916,0.072115,0.001831,0.322301,0.317988,0.001625,0.487874,0.258196,0.14572,0.001945
1250.0,0.006354,0.001766,0.382322,0.47073,0.371197,0.48937,0.136232,0.001829,0.001688,0.364154,0.344525,0.001495,0.503965,0.309616,0.007281,0.59006,0.146647,0.114424,0.001672
1255.0,0.005106,0.001647,0.440257,0.518663,0.373335,0.479631,0.171161,0.002153,0.002107,0.450579,0.208631,0.005363,0.671569,0.385087,0.004998,0.405916,0.269171,0.293289,0.001834
1260.0,0.096442,0.001433,0.429083,0.484797,0.35551,0.6446,0.004882,0.001652,0.001624,0.537343,0.234911,0.001231,0.354702,0.532599,0.005674,0.546699,0.311265,0.44882,0.001656
1265.0,0.142372,0.001358,0.503879,0.364137,0.281818,0.475587,0.088637,0.002642,0.001739,0.309555,0.156475,0.002088,0.432556,0.452743,0.00121,0.386293,0.254017,0.005291,0.001638
1270.0,0.005987,0.001672,0.394606,0.32266,0.324826,0.511382,0.1391,0.001384,0.00185,0.339049,0.185815,0.001607,0.596879,0.36011,0.004481,0.414032,0.255221,0.218713,0.001807
1275.0,0.005184,0.002142,0.404116,0.485354,0.368366,0.485034,0.062625,0.00155,0.002298,0.430108,0.171715,0.001577,0.36554,0.345928,0.001719,0.42243,0.150549,0.234462,0.001741
1280.0,0.008701,0.001842,0.387285,0.419485,0.327316,0.544731,0.084386,0.002405,0.001903,0.429211,0.174826,0.002465,0.37187,0.381409,0.001705,0.527701,0.240191,0.236008,0.002559
1285.0,0.006654,0.001749,0.438055,0.446357,0.343922,0.771783,0.010312,0.001858,0.001889,0.636045,0.154122,0.00163,0.606911,0.371461,0.004279,0.379433,0.293001,0.337431,0.001812
1290.0,0.010428,0.002432,0.464408,0.422643,0.374663,0.346471,0.0516,0.001643,0.001863,0.467537,0.175534,0.0017,0.526757,0.4426,0.001307,0.453302,0.128935,0.33736,0.002163
1295.0,0.00636,0.002645,0.375832,0.416679,0.347462,0.565741,0.046601,0.001598,0.00225,0.309525,0.082495,0.002109,0.522347,0.325209,0.001521,0.414183,0.115853,0.104122,0.002008
1300.0,0.0095,0.00166,0.536268,0.436631,0.289799,0.485684,0.052939,0.002018,0.001837,0.524267,0.231585,0.0014,0.33663,0.346117,0.001271,0.698938,0.204589,0.115383,0.001829
1305.0,0.005451,0.003202,0.35316,0.422553,0.372542,0.606491,0.11083,0.002357,0.001472,0.434212,0.151014,0.00171,0.227003,0.53817,0.001413,0.544218,0.005786,0.115559,0.001673
1310.0,0.106769,0.001699,0.390087,0.361087,0.389645,0.525253,0.063592,0.001939,0.00199,0.636271,0.173318,0.001567,0.455085,0.543813,0.006308,0.479852,0.11608,0.253396,0.002031
1315.0,0.007786,0.001708,0.454348,0.462094,0.351655,0.413915,0.054797,0.001638,0.0019,0.503558,0.236217,0.001843,0.52938,0.43858,0.006168,0.463269,0.107373,0.171401,0.001554
1320.0,0.004931,0.001997,0.521845,0.357696,0.403803,0.627188,0.063871,0.002297,0.002097,0.463016,0.194043,0.001524,0.461625,0.50378,0.001514,0.390577,0.253332,0.276207,0.001938
1325.0,0.008349,0.002112,0.362929,0.461241,0.312225,0.576524,0.010531,0.004207,0.0027,0.412078,0.228236,0.001589,0.361421,0.383333,0.004922,0.5595,0.503104,0.003405,0.002611
1330.0,0.206309,0.002365,0.442302,0.404949,0.323036,0.576344,0.006851,0.001379,0.001642,0.316489,0.234369,0.00173,0.415453,0.291519,0.001182,0.466449,0.42051,0.147843,0.001572
1335.0,0.015122,0.002246,0.428054,0.351223,0.411783,0.547008,0.005421,0.00166,0.001805,0.48134,0.252793,0.002695,0.575648,0.492739,0.0046,0.352117,0.093945,0.404485,0.001857
1340.0,0.099457,0.003941,0.407597,0.395323,0.3953,0.551711,0.120916,0.00192,0.002505,0.504843,0.16711,0.002345,0.471671,0.464412,0.001536,0.479992,0.003642,0.152954,0.001862
1345.0,0.010181,0.002211,0.406523,0.479212,0.379356,0.690887,0.141893,0.002021,0.002127,0.351251,0.276514,0.001839,0.403251,0.405614,0.009823,0.351181,0.203928,0.150072,0.002188
1350.0,0.082174,0.001561,0.454783,0.525123,0.365636,0.248977,0.007132,0.001323,0.001658,0.604992,0.25104,0.002943,0.563405,0.455277,0.001178,0.205867,0.147476,0.276132,0.001912
1355.0,0.012054,0.001441,0.385255,0.548842,0.360198,0.541563,0.105784,0.001939,0.002016,0.62072,0.243032,0.001823,0.542163,0.468581,0.004317,0.424899,0.336593,0.375775,0.001768
1360.0,0.278726,0.001806,0.41948,0.377675,0.357188,0.619733,0.008961,0.001637,0.001919,0.365318,0.174685,0.001758,0.462427,0.360789,0.006297,0.323787,0.098648,0.09323,0.001719
1365.0,0.006398,0.001638,0.509129,0.448666,0.379045,0.5229,0.067894,0.001979,0.001923,0.326405,0.243366,0.001176,0.404508,0.474157,0.001307,0.380389,0.304549,0.294844,0.00183
1370.0,0.01174,0.002758,0.522242,0.4446,0.359514,0.56732,0.011688,0.002552,0.003147,0.38005,0.227605,0.001562,0.443824,0.504623,0.001881,0.509797,0.008992,0.260509,0.001549
1375.0,0.005375,0.001724,0.383891,0.40664,0.281556,0.60018,0.074664,0.001362,0.001833,0.484212,0.216149,0.001524,0.303115,0.458663,0.001454,0.37673,0.157914,0.234653,0.001809
1380.0,0.006265,0.00197,0.411074,0.481007,0.390496,0.600047,0.057181,0.001337,0.002214,0.350436,0.185284,0.001923,0.403536,0.329686,0.001742,0.170942,0.176584,0.137875,0.002175
1385.0,0.10073,0.002969,0.417568,0.512877,0.358613,0.430165,0.006879,0.002278,0.001827,0.226509,0.159644,0.002075,0.459507,0.302359,0.001329,0.256654,0.380483,0.271145,0.001906
1390.0,0.082766,0.001649,0.452434,0.421977,0.327448,0.549812,0.118548,0.001709,0.001997,0.387166,0.278451,0.001417,0.360973,0.409064,0.006305,0.521565,0.219205,0.240439,0.002376
1395.0,0.016542,0.001351,0.365452,0.448988,0.376232,0.333174,0.102481,0.001493,0.002706,0.413071,0.229695,0.001272,0.290781,0.352233,0.001498,0.527917,0.157872,0.108728,0.001777
1400.0,0.121101,0.00197,0.416415,0.380603,0.339181,0.590872,0.011441,0.00183,0.002791,0.41382,0.192718,0.002131,0.267505,0.420249,0.001291,0.38508,0.129566,0.189036,0.00192
1405.0,0.309809,0.0016,0.413638,0.405817,0.421017,0.380613,0.058309,0.001783,0.002274,0.253339,0.220872,0.001378,0.353417,0.458679,0.005346,0.346339,0.28009,0.468612,0.001826
1410.0,0.008342,0.002505,0.440134,0.40796,0.349048,0.709624,0.108378,0.001883,0.002083,0.675721,0.155047,0.002373,0.454426,0.298201,0.006513,0.480064,0.337953,0.0875,0.001787
1415.0,0.004806,0.001776,0.39375,0.438426,0.372021,0.700692,0.082509,0.001612,0.0021,0.403788,0.253843,0.002749,0.304731,0.331417,0.005439,0.381513,0.006438,0.205549,0.001867
1420.0,0.006113,0.001347,0.389721,0.479225,0.32785,0.552569,0.089537,0.002304,0.001511,0.389411,0.285727,0.002821,0.522224,0.492398,0.008876,0.483895,0.19101,0.091353,0.002558
1425.0,0.005394,0.001687,0.395165,0.495753,0.333343,0.568837,0.081917,0.001655,0.001941,0.213387,0.294728,0.001567,0.432765,0.403237,0.001218,0.310748,0.004548,0.204634,0.001628
1430.0,0.172358,0.001265,0.498316,0.375258,0.363893,0.49393,0.004821,0.001489,0.001553,0.445822,0.201236,0.001572,0.364156,0.484504,0.006146,0.503827,0.004424,0.505215,0.001566
1435.0,0.010762,0.00455,0.415982,0.538923,0.351039,0.633394,0.154772,0.001645,0.002315,0.487817,0.136617,0.001528,0.481631,0.583546,0.001379,0.264995,0.203273,0.289541,0.003384
1440.0,0.005664,0.002614,0.495506,0.486029,0.330186,0.572098,0.005709,0.001709,0.001985,0.337374,0.103893,0.001878,0.487083,0.447607,0.002726,0.374634,0.294514,0.003364,0.001929
1445.0,0.154718,0.001392,0.440469,0.314257,0.380086,0.53818,0.148622,0.002354,0.001509,0.349421,0.254743,0.002381,0.371208,0.421367,0.004667,0.369044,0.290221,0.257535,0.001631
1450.0,0.011053,0.002924,0.489063,0.375385,0.310174,0.722632,0.007777,0.002029,0.002335,0.439404,0.14094,0.001281,0.398468,0.379037,0.006376,0.300086,0.006456,0.338034,0.001631
1455.0,0.383584,0.002556,0.337176,0.426818,0.36298,0.560137,0.150784,0.001458,0.00158,0.35945,0.187977,0.002556,0.361013,0.533838,0.006526,0.375048,0.234623,0.133342,0.001403
1460.0,0.20626,0.001768,0.41672,0.361649,0.321759,0.462141,0.110402,0.001573,0.002194,0.486862,0.13688,0.001813,0.472752,0.532508,0.001677,0.46795,0.192155,0.388558,0.001921
1465.0,0.00498,0.002372,0.430297,0.401159,0.307482,0.590144,0.007993,0.001934,0.001706,0.525112,0.197593,0.001862,0.347635,0.455575,0.001266,0.385828,0.190069,0.360985,0.001859
1470.0,0.008457,0.002443,0.445048,0.466066,0.353188,0.562827,0.00486,0.001485,0.002809,0.445294,0.274563,0.002028,0.504315,0.452597,0.002474,0.352162,0.190628,0.14642,0.001668
1475.0,0.15622,0.002366,0.43764,0.451046,0.351449,0.521736,0.046855,0.001584,0.001801,0.298914,0.187913,0.001597,0.782173,0.380282,0.007208,0.370483,0.204987,0.452068,0.00163
1480.0,0.005099,0.002846,0.369048,0.492467,0.389822,0.540894,0.007603,0.001669,0.001623,0.349553,0.219992,0.001322,0.452449,0.468854,0.006524,0.392234,0.220121,0.272273,0.002141
1485.0,0.080053,0.001419,0.416182,0.426527,0.345216,0.422116,0.08999,0.00228,0.002111,0.478365,0.245269,0.001356,0.474467,0.35885,0.004606,0.257093,0.107876,0.094311,0.002513
1490.0,0.230791,0.001324,0.37307,0.424628,0.398928,0.466637,0.007783,0.001866,0.001583,0.489695,0.230755,0.001972,0.410329,0.574759,0.00114,0.446443,0.367299,0.11476,0.002572
1495.0,0.089039,0.001653,0.369489,0.481541,0.316622,0.583638,0.056799,0.001988,0.00164,0.411731,0.268127,0.001801,0.426388,0.324991,0.001218,0.568616,0.253791,0.114171,0.001836
1500.0,0.013517,0.002994,0.515777,0.356001,0.383239,0.462821,0.046473,0.00134,0.00192,0.50456,0.158384,0.001947,0.271005,0.52959,0.001395,0.482639,0.342602,0.277365,0.001848
1505.0,0.009431,0.001294,0.357088,0.408538,0.359445,0.635147,0.048687,0.002132,0.002172,0.504404,0.286138,0.001839,0.338578,0.366168,0.001217,0.479978,0.378246,0.21063,0.001571
1510.0,0.130009,0.001732,0.37234,0.443907,0.369353,0.615255,0.17608,0.0023,0.00167,0.464681,0.201638,0.002365,0.394661,0.452114,0.001201,0.381573,0.576569,0.188918,0.001654
1515.0,0.098977,0.001923,0.413937,0.36663,0.386741,0.682321,0.00537,0.001477,0.001586,0.475644,0.242609,0.001195,0.253134,0.492136,0.006644,0.405807,0.291265,0.365721,0.001581
1520.0,0.010261,0.00148,0.480326,0.42352,0.294133,0.644701,0.112134,0.002131,0.00161,0.451694,0.172939,0.001677,0.262815,0.602913,0.008603,0.299847,0.20931,0.170104,0.0015
1525.0,0.004864,0.00156,0.389494,0.373564,0.383355,0.684925,0.046286,0.002025,0.002263,0.354686,0.163373,0.001726,0.596045,0.520629,0.002144,0.429233,0.11729,0.20604,0.0029
1530.0,0.108934,0.001552,0.382753,0.476881,0.401921,0.70849,0.102877,0.001808,0.001689,0.505007,0.138951,0.00161,0.378104,0.38608,0.001233,0.50308,0.003463,0.276162,0.001978
1535.0,0.011874,0.001795,0.405286,0.391984,0.389624,0.545451,0.007568,0.001375,0.001613,0.507115,0.294331,0.001642,0.323915,0.300655,0.004255,0.403634,0.087257,0.157816,0.00154
1540.0,0.106787,0.003991,0.37848,0.443539,0.330666,0.412952,0.088463,0.002451,0.002077,0.421034,0.143358,0.002416,0.322509,0.288167,0.001894,0.412592,0.094112,0.337689,0.00208
1545.0,0.11196,0.001827,0.475333,0.465958,0.361936,0.554386,0.111617,0.001457,0.001564,0.502937,0.172903,0.00168,0.45808,0.428496,0.005504,0.452739,0.20389,0.26072,0.001914
1550.0,0.005045,0.001502,0.556775,0.402639,0.35153,0.362949,0.008117,0.001624,0.001726,0.307122,0.213254,0.001508,0.336672,0.488733,0.001288,0.385144,0.458283,0.225483,0.001518
1555.0,0.01447,0.002065,0.531973,0.460451,0.355875,0.412955,0.079714,0.002375,0.002279,0.478779,0.234629,0.00193,0.435897,0.380438,0.004873,0.59812,0.151628,0.289474,0.002568
1560.0,0.019891,0.008549,0.45912,0.458446,0.317346,0.575233,0.050535,0.001632,0.0016,0.486563,0.226098,0.00249,0.546767,0.431986,0.00187,0.32454,0.007551,0.206924,0.002051
1565.0,0.006057,0.001393,0.432197,0.427065,0.379423,0.397315,0.132405,0.002226,0.001612,0.639825,0.246616,0.001334,0.373568,0.38123,0.001255,0.360725,0.145936,0.336662,0.001436
1570.0,0.005874,0.00307,0.473895,0.499542,0.336688,0.603604,0.007973,0.001865,0.001558,0.483005,0.254526,0.001797,0.323803,0.368804,0.001449,0.183029,0.233593,0.230277,0.002411
1575.0,0.011376,0.001733,0.463631,0.434142,0.380781,0.578155,0.076316,0.001961,0.001735,0.502809,0.245503,0.002228,0.282023,0.460599,0.002398,0.48422,0.003203,0.257085,0.001815
1580.0,0.005588,0.001795,0.410941,0.469285,0.371127,0.613343,0.058369,0.001267,0.001845,0.504539,0.233528,0.001581,0.685499,0.428051,0.001276,0.241423,0.173723,0.103757,0.001457
1585.0,0.007322,0.001601,0.428693,0.380104,0.348133,0.533062,0.148248,0.00171,0.001961,0.556941,0.188675,0.001659,0.530594,0.403968,0.0055,0.471875,0.303964,0.234771,0.001393
1590.0,0.105435,0.001346,0.367325,0.410094,0.379679,0.46364,0.005127,0.001846,0.001493,0.583266,0.212187,0.001868,0.616026,0.505397,0.007184,0.505101,0.254009,0.006297,0.001503
1595.0,0.100254,0.002317,0.462129,0.430976,0.35363,0.693669,0.124748,0.001563,0.001424,0.337362,0.24556,0.001685,0.483908,0.359062,0.012452,0.470265,0.128076,0.203596,0.001559
1600.0,0.004938,0.002187,0.455704,0.44271,0.311359,0.680171,0.053723,0.001671,0.001468,0.566843,0.153099,0.001333,0.234142,0.331619,0.00444,0.461042,0.004453,0.755492,0.001505
1605.0,0.004231,0.002084,0.493255,0.474304,0.374463,0.687665,0.055132,0.001579,0.00178,0.523967,0.167777,0.002009,0.374388,0.451798,0.007183,0.405267,0.277537,0.173616,0.001769
1610.0,0.093196,0.001549,0.395784,0.438593,0.382249,0.652348,0.052592,0.001558,0.001838,0.3712,0.236373,0.00216,0.356022,0.490198,0.001176,0.571917,0.108809,0.146284,0.00142
1615.0,0.00479,0.001341,0.525645,0.4382,0.306969,0.521946,0.053307,0.001561,0.001537,0.387716,0.212384,0.00177,0.337351,0.322428,0.004293,0.369057,0.278758,0.234338,0.001151
1620.0,0.006453,0.001904,0.289744,0.497632,0.375952,0.46324,0.005222,0.001542,0.001882,0.479373,0.261836,0.003815,0.553343,0.576228,0.001809,0.50738,0.508478,0.096104,0.001485
1625.0,0.008425,0.001406,0.320311,0.377567,0.341925,0.513341,0.046615,0.001449,0.001788,0.441215,0.223817,0.001402,0.403737,0.549105,0.001158,0.463488,0.123308,0.10712,0.001756
1630.0,0.095936,0.001149,0.408366,0.484826,0.323786,0.52311,0.12606,0.001319,0.001377,0.580127,0.271622,0.001375,0.384309,0.397911,0.001198,0.448057,0.08686,0.103598,0.001658
1635.0,0.120647,0.002285,0.430848,0.388087,0.382149,0.94743,0.063654,0.001783,0.001611,0.553408,0.247323,0.002272,0.379206,0.310606,0.005678,0.29763,0.087208,0.254006,0.001686
1640.0,0.004747,0.002219,0.424075,0.412178,0.378686,0.520656,0.150276,0.001748,0.001869,0.214191,0.240013,0.002101,0.504814,0.3954,0.001208,0.39388,0.379045,0.009574,0.001414
1645.0,0.077781,0.001994,0.419602,0.464815,0.448936,0.621606,0.052907,0.001752,0.001711,0.358499,0.248876,0.003688,0.488404,0.464654,0.009355,0.503446,0.169882,0.142234,0.002112
1650.0,0.005592,0.001725,0.459253,0.491451,0.414687,0.412192,0.068374,0.00143,0.001765,0.445288,0.20498,0.001601,0.553405,0.392537,0.001788,0.503251,0.28928,0.256131,0.0013
1655.0,0.082335,0.001681,0.430581,0.435507,0.371505,0.478966,0.005782,0.001975,0.001652,0.364131,0.231638,0.001675,0.447474,0.385956,0.004823,0.364926,0.184889,0.338464,0.001804
1660.0,0.105469,0.001462,0.529322,0.409015,0.334834,0.799259,0.005155,0.00125,0.001386,0.394568,0.179307,0.001561,0.482887,0.538051,0.001448,0.52468,0.344628,0.14693,0.001488
1665.0,0.099169,0.002077,0.387688,0.499591,0.375801,0.588124,0.006988,0.003323,0.00174,0.36959,0.293905,0.002089,0.48362,0.364206,0.001644,0.397607,0.434117,0.259576,0.002284
1670.0,0.010487,0.001767,0.370016,0.361139,0.333937,0.405231,0.007415,0.0019,0.00155,0.339899,0.260534,0.001226,0.527092,0.477736,0.004923,0.307901,0.404198,0.367642,0.002715
1675.0,0.005366,0.001763,0.493567,0.355984,0.393591,0.483588,0.0075,0.001593,0.00154,0.336398,0.198566,0.001142,0.639239,0.21172,0.011989,0.524129,0.419761,0.164279,0.001885
1680.0,0.012455,0.001749,0.460799,0.315166,0.359664,0.556944,0.050627,0.001364,0.001599,0.311135,0.200211,0.001864,0.276066,0.270134,0.001306,0.43876,0.003175,0.11453,0.001546
1685.0,0.006474,0.001293,0.453572,0.429641,0.383674,0.465049,0.006963,0.001846,0.001638,0.423565,0.242743,0.003063,0.504049,0.474089,0.008004,0.191372,0.15749,0.258706,0.001779
1690.0,0.014641,0.003771,0.471817,0.389077,0.346978,0.337096,0.008714,0.001656,0.00232,0.468874,0.188527,0.001968,0.282173,0.421327,0.006099,0.489144,0.304226,0.106632,0.002255
1695.0,0.148122,0.002217,0.469365,0.45797,0.385064,0.556045,0.008969,0.002416,0.00165,0.505429,0.224958,0.001249,0.234876,0.421703,0.006197,0.451226,0.254331,0.094766,0.001841
1700.0,0.004803,0.001522,0.409128,0.388254,0.394187,0.464391,0.00792,0.001352,0.001844,0.397076,0.19795,0.001666,0.239343,0.518885,0.00517,0.464643,0.114345,0.203167,0.001664
1705.0,0.005044,0.002141,0.453539,0.396846,0.372553,0.548382,0.005531,0.001629,0.001545,0.542518,0.179471,0.001577,0.303942,0.338465,0.001327,0.228232,0.122928,0.335357,0.001344
1710.0,0.006349,0.00167,0.48085,0.35547,0.351967,0.642832,0.006953,0.001556,0.002082,0.526484,0.183963,0.002006,0.397061,0.308578,0.002141,0.463155,0.311341,0.254323,0.001648
1715.0,0.172528,0.004418,0.384945,0.444971,0.315837,0.556286,0.004686,0.00219,0.001786,0.56508,0.096784,0.001682,0.321573,0.40781,0.001558,0.285349,0.449031,0.504431,0.001796
1720.0,0.009393,0.001971,0.475509,0.39542,0.407866,0.368702,0.116675,0.001419,0.001825,0.462538,0.223168,0.001701,0.453248,0.400254,0.002202,0.227275,0.177524,0.559592,0.002723
1725.0,0.005035,0.001872,0.433614,0.432745,0.335651,0.392434,0.064757,0.001233,0.001371,0.523659,0.258044,0.002637,0.57541,0.443114,0.001129,0.552958,0.193428,0.116772,0.002026
1730.0,0.096805,0.001862,0.420893,0.45676,0.401465,0.657264,0.006129,0.001524,0.001675,0.374256,0.216871,0.001539,0.503495,0.4536,0.00535,0.465495,0.339146,0.208873,0.002212
1735.0,0.008473,0.003722,0.476083,0.462618,0.301285,0.686086,0.048523,0.008744,0.002936,0.52738,0.221219,0.003615,0.375622,0.31866,0.001245,0.39307,0.15835,0.402978,0.003552
1740.0,0.004641,0.003444,0.31605,0.523603,0.412032,0.381166,0.096199,0.001295,0.001527,0.252898,0.208002,0.00164,0.377889,0.490136,0.001295,0.321729,0.279677,0.191733,0.001625
1745.0,0.105115,0.001322,0.494665,0.375374,0.334662,0.371558,0.006672,0.001747,0.001642,0.484384,0.249766,0.001713,0.393611,0.468187,0.002146,0.292343,0.363452,0.432174,0.002066
1750.0,0.006696,0.001539,0.486267,0.431363,0.363625,0.479207,0.124986,0.001923,0.001642,0.301901,0.160639,0.001271,0.361336,0.451219,0.001098,0.375457,0.431578,0.252631,0.002005
1755.0,0.279787,0.002299,0.424588,0.44406,0.356336,1.012865,0.053059,0.001475,0.001436,0.397523,0.294767,0.001362,0.588947,0.593897,0.001414,0.435058,0.253347,0.121167,0.001504
1760.0,0.008764,0.002694,0.389373,0.499822,0.334238,0.569211,0.10137,0.002106,0.002587,0.509565,0.177234,0.001553,0.354071,0.494358,0.00133,0.484456,0.225873,0.006484,0.002745
1765.0,0.004824,0.001221,0.412968,0.531934,0.380536,0.579116,0.004995,0.00211,0.001526,0.506263,0.200616,0.001784,0.573919,0.230193,0.010626,0.52302,0.003452,0.17626,0.001453
1770.0,0.161552,0.002316,0.33381,0.411036,0.38442,0.374454,0.007156,0.00136,0.001526,0.669824,0.25954,0.001721,0.454554,0.521676,0.008072,0.436814,0.225734,0.339732,0.001555
1775.0,0.00526,0.001788,0.436013,0.438142,0.304505,0.521801,0.053008,0.00138,0.001771,0.670547,0.30207,0.001299,0.566274,0.537257,0.00148,0.358721,0.337035,0.007825,0.001404
1780.0,0.005154,0.001725,0.367551,0.32416,0.366026,0.555534,0.009846,0.001843,0.001708,0.487098,0.198754,0.001893,0.314354,0.521449,0.001127,0.384408,0.410032,0.508741,0.001923
1785.0,0.013086,0.001676,0.512105,0.379719,0.348621,0.625287,0.083164,0.001474,0.002051,0.400494,0.197147,0.001671,0.272652,0.406109,0.003774,0.353738,0.003451,0.118945,0.002199
1790.0,0.014639,0.00194,0.482862,0.440155,0.372367,0.7298,0.171238,0.001423,0.001638,0.399501,0.197685,0.001512,0.503595,0.52492,0.001242,0.504951,0.004905,0.003478,0.001582
1795.0,0.004962,0.002388,0.439752,0.391928,0.293118,0.456074,0.155394,0.002092,0.001809,0.508326,0.199438,0.001533,0.483331,0.387739,0.005814,0.55776,0.003759,0.303501,0.001716
1800.0,0.149057,0.001443,0.443305,0.489116,0.304465,0.600694,0.00497,0.001283,0.001525,0.347563,0.139319,0.001468,0.395721,0.330826,0.001206,0.404438,0.404556,0.379022,0.001621
1805.0,0.254041,0.005495,0.33037,0.330423,0.334609,0.242364,0.05726,0.002982,0.002349,0.268378,0.211876,0.001864,0.419898,0.34014,0.001183,0.301019,0.194766,0.180914,0.003426
1810.0,0.005174,0.001626,0.503355,0.366955,0.416445,0.576849,0.062853,0.001219,0.001424,0.459351,0.221067,0.001688,0.308488,0.438648,0.001961,0.477969,0.366666,0.302971,0.002246
1815.0,0.006093,0.001497,0.386104,0.411104,0.38707,0.442916,0.046203,0.001424,0.001577,0.338479,0.247133,0.001828,0.356504,0.504654,0.006338,0.670829,0.141996,0.224218,0.001706
1820.0,0.00538,0.001813,0.416034,0.429778,0.315676,0.412236,0.007848,0.001426,0.001773,0.322771,0.177372,0.001757,0.322702,0.286984,0.005288,0.301406,0.174252,0.074191,0.001532
1825.0,0.172613,0.001445,0.39098,0.449487,0.358987,0.469344,0.005509,0.002199,0.001466,0.325642,0.193171,0.002345,0.438067,0.433999,0.011083,0.453187,0.146697,0.367381,0.00168
1830.0,0.014508,0.001658,0.377403,0.353041,0.365672,0.336831,0.114051,0.004393,0.00335,0.550851,0.238252,0.003456,0.351605,0.440361,0.004685,0.506288,0.305973,0.136669,0.002268
1835.0,0.005229,0.00184,0.56029,0.479229,0.346261,0.401188,0.004993,0.001738,0.001699,0.418625,0.198461,0.001581,0.403493,0.459052,0.004863,0.574089,0.253802,0.225556,0.001308
1840.0,0.116703,0.002074,0.393513,0.47811,0.406309,0.518162,0.064184,0.001293,0.001542,0.421178,0.266617,0.001206,0.319009,0.448715,0.001067,0.48936,0.336194,0.169588,0.00127
1845.0,0.007755,0.001702,0.340228,0.474276,0.332415,0.6217,0.060285,0.001498,0.001716,0.452909,0.180301,0.001595,0.420688,0.460568,0.001481,0.336522,0.102873,0.387192,0.001921
1850.0,0.005513,0.002054,0.397055,0.438134,0.365804,0.486774,0.158928,0.00227,0.001576,0.443053,0.14954,0.00159,0.31475,0.432212,0.001434,0.456915,0.504101,0.366779,0.0016
1855.0,0.010026,0.002226,0.374276,0.444475,0.406776,0.551776,0.006432,0.001778,0.00161,0.536003,0.284827,0.001313,0.531409,0.426911,0.004814,0.438464,0.152323,0.003574,0.002016
1860.0,1.044087,0.0,1.003895,1.008184,0.969377,0.0,0.0,0.0,0.0,1.000869,1.000413,0.0,0.0,1.01989,0.0,0.0,0.0,0.0,0.0
